{"cameraMode":{"drawMode":0,"name":"Shaded","section":"Shading Mode"},"sceneLighting":false,"audioPlay":false,"sceneViewState":{"showFog":true,"showMaterialUpdate":false,"showSkybox":false,"showFlares":true,"showImageEffects":true,"showParticleSystems":true},"in2DMode":false,"pivot":{"x":-1.2952513694763184,"y":-0.6961339712142944,"z":1.4762496948242188},"rotation":{"x":0.18139255046844483,"y":-0.3728167414665222,"z":0.074577197432518,"w":0.9069798588752747},"size":3.024744749069214,"orthographic":false}