{"cameraMode":{"drawMode":0,"name":"Shaded","section":"Shading Mode"},"sceneLighting":true,"audioPlay":false,"sceneViewState":{"showFog":true,"showMaterialUpdate":false,"showSkybox":true,"showFlares":true,"showImageEffects":true,"showParticleSystems":true},"in2DMode":false,"pivot":{"x":21.229999542236329,"y":9.289999961853028,"z":-7.829999923706055},"rotation":{"x":-0.6491993069648743,"y":0.23399707674980164,"z":-0.22044295072555543,"w":-0.6893978714942932},"size":10.0,"orthographic":false}