{"cameraMode":{"drawMode":0,"name":"Shaded","section":"Shading Mode"},"sceneLighting":false,"audioPlay":false,"sceneViewState":{"showFog":true,"showMaterialUpdate":false,"showSkybox":false,"showFlares":true,"showImageEffects":true,"showParticleSystems":true},"in2DMode":false,"pivot":{"x":-0.8893752694129944,"y":0.22678640484809876,"z":2.808607816696167},"rotation":{"x":-0.009456821717321873,"y":-0.17459991574287415,"z":-0.0016662440029904247,"w":0.9846290946006775},"size":2.7247447967529299,"orthographic":false}